-- subsidy version
INSERT INTO public.subsidy_versions (id, created_at, subsidy_id, version, status, subsidy_page_url,
                                     contact_mail_address, mail_to_name_field_identifier,
                                     mail_to_address_field_identifier, review_period, review_deadline)
VALUES ('0185f897-99b0-4390-bd1f-98cce4bd578b', 'now()', '06a6b91c-d59b-401e-a5bf-4bf9262d85f8', 2,
        'published', 'https://www.dus-i.nl/subsidies/zorgmedewerkers-met-langdurige-post-covid-klachten',
        'dienstpostbus@minvws.nl', 'firstName;infix;lastName', 'email', 91, '2024-08-30 23:59:59');

-- subsidy stages
INSERT INTO public.subsidy_stages (id, created_at, subsidy_version_id, title, subject_role, subject_organisation, stage, assessor_user_role, internal_note_field_code, allow_duplicate_assessors) VALUES ('d7f38409-6805-408c-87e9-afd9b00a8de0', null, '0185f897-99b0-4390-bd1f-98cce4bd578b', 'Aanvraag', 'applicant', null, 1, null, null, false);
INSERT INTO public.subsidy_stages (id, created_at, subsidy_version_id, title, subject_role, subject_organisation, stage, assessor_user_role, internal_note_field_code, allow_duplicate_assessors) VALUES ('e1e5d701-f849-4522-b7ca-75bd4785b1f1', null, '0185f897-99b0-4390-bd1f-98cce4bd578b', 'Eerste beoordeling', 'assessor', null, 2, 'assessor', 'firstAssessmentInternalNote', false);
INSERT INTO public.subsidy_stages (id, created_at, subsidy_version_id, title, subject_role, subject_organisation, stage, assessor_user_role, internal_note_field_code, allow_duplicate_assessors) VALUES ('8d206564-6518-4e13-94a4-12c9a3073617', null, '0185f897-99b0-4390-bd1f-98cce4bd578b', 'Tweede beoordeling', 'assessor', null, 3, 'assessor', 'secondAssessmentInternalNote', false);
INSERT INTO public.subsidy_stages (id, created_at, subsidy_version_id, title, subject_role, subject_organisation, stage, assessor_user_role, internal_note_field_code, allow_duplicate_assessors) VALUES ('0200a5c4-70fa-401d-b943-881eb4b877e6', null, '0185f897-99b0-4390-bd1f-98cce4bd578b', 'Interne controle', 'assessor', null, 4, 'internalAuditor', 'internalAssessmentInternalNote', false);
INSERT INTO public.subsidy_stages (id, created_at, subsidy_version_id, title, subject_role, subject_organisation, stage, assessor_user_role, internal_note_field_code, allow_duplicate_assessors) VALUES ('e2467684-3d17-4f2b-9d89-274fce583fa7', null, '0185f897-99b0-4390-bd1f-98cce4bd578b', 'Uitvoeringscoördinator controle', 'assessor', null, 5, 'implementationCoordinator', 'coordinatorImplementationInternalNote', false);

-- fields
INSERT INTO public.fields (id, title, description, type, params, is_required, code, source, subsidy_stage_id, required_condition, retention_period_on_approval, exclude_from_clone_data) VALUES ('81f3273f-3fd1-48e8-9bb4-8a84ef4ac0ff', 'Voornaam', null, 'text', 'null', true, 'firstName', 'user', 'd7f38409-6805-408c-87e9-afd9b00a8de0', null, 'short', false);
INSERT INTO public.fields (id, title, description, type, params, is_required, code, source, subsidy_stage_id, required_condition, retention_period_on_approval, exclude_from_clone_data) VALUES ('8a8a946d-04aa-4619-9160-a2abae52ae76', 'Tussenvoegsel', null, 'text', 'null', false, 'infix', 'user', 'd7f38409-6805-408c-87e9-afd9b00a8de0', null, 'short', false);
INSERT INTO public.fields (id, title, description, type, params, is_required, code, source, subsidy_stage_id, required_condition, retention_period_on_approval, exclude_from_clone_data) VALUES ('1d4d21e4-6246-41a4-b5dd-f0ccf512ffa7', 'Achternaam', null, 'text', 'null', true, 'lastName', 'user', 'd7f38409-6805-408c-87e9-afd9b00a8de0', null, 'short', false);
INSERT INTO public.fields (id, title, description, type, params, is_required, code, source, subsidy_stage_id, required_condition, retention_period_on_approval, exclude_from_clone_data) VALUES ('d94b4522-fd2e-4fa2-bdcd-1845e2800e58', 'Geboortedatum', null, 'date', 'null', true, 'dateOfBirth', 'user', 'd7f38409-6805-408c-87e9-afd9b00a8de0', null, 'short', false);
INSERT INTO public.fields (id, title, description, type, params, is_required, code, source, subsidy_stage_id, required_condition, retention_period_on_approval, exclude_from_clone_data) VALUES ('66cef8ee-a24e-4d83-96d1-667db4df4385', 'Straat', null, 'text', 'null', true, 'street', 'user', 'd7f38409-6805-408c-87e9-afd9b00a8de0', null, 'short', false);
INSERT INTO public.fields (id, title, description, type, params, is_required, code, source, subsidy_stage_id, required_condition, retention_period_on_approval, exclude_from_clone_data) VALUES ('650c3603-4522-492e-a687-65403c858071', 'Huisnummer', null, 'text:numeric', 'null', true, 'houseNumber', 'user', 'd7f38409-6805-408c-87e9-afd9b00a8de0', null, 'short', false);
INSERT INTO public.fields (id, title, description, type, params, is_required, code, source, subsidy_stage_id, required_condition, retention_period_on_approval, exclude_from_clone_data) VALUES ('77420c77-ee16-4f84-b240-20650d47dccf', 'Huisnummer toevoeging', null, 'text', '{"maxLength": 10}', false, 'houseNumberSuffix', 'user', 'd7f38409-6805-408c-87e9-afd9b00a8de0', null, 'short', false);
INSERT INTO public.fields (id, title, description, type, params, is_required, code, source, subsidy_stage_id, required_condition, retention_period_on_approval, exclude_from_clone_data) VALUES ('85796d22-5691-4e8d-8dd6-fbe6e5414a83', 'Postcode', null, 'custom:postalcode', 'null', false, 'postalCode', 'user', 'd7f38409-6805-408c-87e9-afd9b00a8de0', null, 'short', false);
INSERT INTO public.fields (id, title, description, type, params, is_required, code, source, subsidy_stage_id, required_condition, retention_period_on_approval, exclude_from_clone_data) VALUES ('c469ac34-67ea-4554-b512-8f7f554bb472', 'Plaats', null, 'text', '{"maxLength": 100}', true, 'city', 'user', 'd7f38409-6805-408c-87e9-afd9b00a8de0', null, 'short', false);
INSERT INTO public.fields (id, title, description, type, params, is_required, code, source, subsidy_stage_id, required_condition, retention_period_on_approval, exclude_from_clone_data) VALUES ('4923cb45-ab40-41c0-b8cc-a94010d3ab93', 'Land', null, 'select', '{"default": "Nederland", "options": ["Afghanistan", "Åland", "Albanië", "Algerije", "Amerikaanse Maagdeneilanden", "Amerikaans-Samoa", "Andorra", "Angola", "Anguilla", "Antarctica", "Antigua en Barbuda", "Argentinië", "Armenië", "Aruba", "Australië", "Azerbeidzjan", "Bahama’s", "Bahrein", "Bangladesh", "Barbados", "België", "Belize", "Benin", "Bermuda", "Bhutan", "Bolivia", "Bosnië en Herzegovina", "Botswana", "Bouveteiland", "Brazilië", "Britse Maagdeneilanden", "Brits Indische Oceaanterritorium", "Brunei", "Bulgarije", "Burkina Faso", "Burundi", "Cambodja", "Canada", "Centraal-Afrikaanse Republiek", "Chili", "China", "Christmaseiland", "Cocoseilanden", "Colombia", "Comoren", "Congo-Brazzaville", "Congo-Kinshasa", "Cookeilanden", "Costa Rica", "Cuba", "Curaçao", "Cyprus", "Denemarken", "Djibouti", "Dominica", "Dominicaanse Republiek", "Duitsland", "Ecuador", "Egypte", "El Salvador", "Equatoriaal-Guinea", "Eritrea", "Estland", "Ethiopië", "Faeröer", "Falklandeilanden", "Fiji", "Filipijnen", "Finland", "Frankrijk", "Franse Zuidelijke en Antarctische Gebieden", "Frans-Guyana", "Frans-Polynesië", "Gabon", "Gambia", "Georgië", "Ghana", "Gibraltar", "Grenada", "Griekenland", "Groenland", "Guadeloupe", "Guam", "Guatemala", "Guernsey", "Guinee", "Guinee-Bissau", "Guyana", "Haïti", "Heard en McDonaldeilanden", "Honduras", "Hongarije", "Hongkong", "Ierland", "IJsland", "India", "Indonesië", "Irak", "Iran", "Israël", "Italië", "Ivoorkust", "Jamaica", "Japan", "Jemen", "Jersey", "Jordanië", "Kaaimaneilanden", "Kaapverdië", "Kameroen", "Kazachstan", "Kenia", "Kirgizië", "Kiribati", "Kleine Pacifische eilanden van de Verenigde Staten", "Koeweit", "Kroatië", "Laos", "Lesotho", "Letland", "Libanon", "Liberia", "Libië", "Liechtenstein", "Litouwen", "Luxemburg", "Macau", "Madagaskar", "Malawi", "Maldiven", "Maleisië", "Mali", "Malta", "Marokko", "Marshalleilanden", "Martinique", "Mauritanië", "Mauritius", "Mayotte", "Mexico", "Micronesia", "Moldavië", "Monaco", "Mongolië", "Montenegro", "Montserrat", "Mozambique", "Myanmar", "Namibië", "Nauru", "Nederland", "Nepal", "Nicaragua", "Nieuw-Caledonië", "Nieuw-Zeeland", "Niger", "Nigeria", "Niue", "Noordelijke Marianen", "Noord-Korea", "Noord-Macedonië", "code Land", "Noorwegen", "Norfolk", "Oeganda", "Oekraïne", "Oezbekistan", "Oman", "Oostenrijk", "Oost-Timor", "Pakistan", "Palau", "Palestina", "Panama", "Papoea-Nieuw-Guinea", "Paraguay", "Peru", "Pitcairneilanden", "Polen", "Portugal", "Puerto Rico", "Qatar", "Réunion", "Roemenië", "Rusland", "Rwanda", "Saint-Barthélemy", "Saint Kitts en Nevis", "Saint Lucia", "Saint-Pierre en Miquelon", "Saint Vincent en de Grenadines", "Salomonseilanden", "Samoa", "San Marino", "Saoedi-Arabië", "Sao Tomé en Principe", "Senegal", "Servië", "Seychellen", "Sierra Leone", "Singapore", "Sint-Helena, Ascension en Tristan da Cunha", "Sint-Maarten", "Sint Maarten", "Slovenië", "Slowakije", "Soedan", "Somalië", "Spanje", "Spitsbergen en Jan Mayen", "Sri Lanka", "Suriname", "Swaziland", "Syrië", "Tadzjikistan", "Taiwan", "Tanzania", "Thailand", "Togo", "Tokelau", "Tonga", "Trinidad en Tobago", "Tsjaad", "Tsjechië", "Tunesië", "Turkije", "Turkmenistan", "Turks- en Caicoseilanden", "Tuvalu", "Uruguay", "Vanuatu", "Vaticaanstad", "Venezuela", "Verenigde Arabische Emiraten", "Verenigde Staten", "Verenigd Koninkrijk", "Vietnam", "Wallis en Futuna", "Westelijke Sahara", "Wit-Rusland", "Zambia", "Zimbabwe", "Zuid-Afrika", "Zuid-Georgia en de Zuidelijke Sandwicheilanden", "Zuid-Korea", "Zuid-Soedan", "Zweden", "Zwitserland"]}', true, 'country', 'user', 'd7f38409-6805-408c-87e9-afd9b00a8de0', null, 'short', false);
INSERT INTO public.fields (id, title, description, type, params, is_required, code, source, subsidy_stage_id, required_condition, retention_period_on_approval, exclude_from_clone_data) VALUES ('f71a03a2-7569-4339-a392-cf72c5a4f3de', 'Telefoonnummer', null, 'text:tel', '{"maxLength": 20}', false, 'phoneNumber', 'user', 'd7f38409-6805-408c-87e9-afd9b00a8de0', null, 'short', false);
INSERT INTO public.fields (id, title, description, type, params, is_required, code, source, subsidy_stage_id, required_condition, retention_period_on_approval, exclude_from_clone_data) VALUES ('1daac563-7959-4e5b-aede-ae7327f85b51', 'E-mailadres', null, 'text:email', '{"maxLength": 300}', false, 'email', 'user', 'd7f38409-6805-408c-87e9-afd9b00a8de0', null, 'short', false);
INSERT INTO public.fields (id, title, description, type, params, is_required, code, source, subsidy_stage_id, required_condition, retention_period_on_approval, exclude_from_clone_data) VALUES ('56e3197f-77f5-4185-ab93-839ef492a813', 'IBAN', null, 'custom:bankaccount', 'null', true, 'bankAccountNumber', 'user', 'd7f38409-6805-408c-87e9-afd9b00a8de0', null, 'long', false);
INSERT INTO public.fields (id, title, description, type, params, is_required, code, source, subsidy_stage_id, required_condition, retention_period_on_approval, exclude_from_clone_data) VALUES ('b71cc492-dc73-4b6a-90cd-d1655f8f4a32', 'Naam rekeninghouder', null, 'text', '{"maxLength": 50}', true, 'bankAccountHolder', 'user', 'd7f38409-6805-408c-87e9-afd9b00a8de0', null, 'short', false);
INSERT INTO public.fields (id, title, description, type, params, is_required, code, source, subsidy_stage_id, required_condition, retention_period_on_approval, exclude_from_clone_data) VALUES ('e4a3c17e-df86-4c60-94d6-86cb980c4d94', 'Bankafschrift', null, 'upload', '{"maxItems": 20, "minItems": 1, "mimeTypes": ["image/jpeg", "image/png", "application/pdf"], "maxFileSize": 20971520}', false, 'bankStatement', 'user', 'd7f38409-6805-408c-87e9-afd9b00a8de0', null, 'short', false);
INSERT INTO public.fields (id, title, description, type, params, is_required, code, source, subsidy_stage_id, required_condition, retention_period_on_approval, exclude_from_clone_data) VALUES ('8a7ed829-a7c2-476e-ac9c-cf07450a38ec', 'Gewaarmerkt verzekeringsbericht', null, 'upload', '{"maxItems": 20, "minItems": 1, "mimeTypes": ["image/jpeg", "image/png", "application/pdf"], "maxFileSize": 20971520}', true, 'certifiedEmploymentDocument', 'user', 'd7f38409-6805-408c-87e9-afd9b00a8de0', null, 'short', false);
INSERT INTO public.fields (id, title, description, type, params, is_required, code, source, subsidy_stage_id, required_condition, retention_period_on_approval, exclude_from_clone_data) VALUES ('5bda628a-e614-4032-a864-dde053a18460', 'WIA-Beslissing', null, 'upload', '{"maxItems": 20, "minItems": 1, "mimeTypes": ["image/jpeg", "image/png", "application/pdf"], "maxFileSize": 20971520}', true, 'wiaDecisionDocument', 'user', 'd7f38409-6805-408c-87e9-afd9b00a8de0', null, 'short', false);
INSERT INTO public.fields (id, title, description, type, params, is_required, code, source, subsidy_stage_id, required_condition, retention_period_on_approval, exclude_from_clone_data) VALUES ('cd647dea-75e4-4baf-89d5-9dc4c8fc9f6e', 'Is WIA beslissing uitgesteld?', null, 'select', '{"default": null, "options": ["Ja", "Nee"]}', true, 'isWiaDecisionPostponed', 'user', 'd7f38409-6805-408c-87e9-afd9b00a8de0', null, 'short', false);
INSERT INTO public.fields (id, title, description, type, params, is_required, code, source, subsidy_stage_id, required_condition, retention_period_on_approval, exclude_from_clone_data) VALUES ('3bbfba54-5f43-4133-931a-faa893f924b0', 'Toekenningsbrief', null, 'upload', '{"maxItems": 20, "minItems": 1, "mimeTypes": ["image/jpeg", "image/png", "application/pdf"], "maxFileSize": 20971520}', false, 'wiaDecisionPostponedLetter', 'user', 'd7f38409-6805-408c-87e9-afd9b00a8de0', '{"type": "comparison", "stage": 1, "value": "Ja", "operator": "===", "fieldCode": "isWiaDecisionPostponed"}', 'short', false);
INSERT INTO public.fields (id, title, description, type, params, is_required, code, source, subsidy_stage_id, required_condition, retention_period_on_approval, exclude_from_clone_data) VALUES ('752622aa-3f96-4b27-81cf-9cdd501343c2', 'Bewijs dienstverband', null, 'upload', '{"maxItems": 20, "minItems": 1, "mimeTypes": ["image/jpeg", "image/png", "application/pdf"], "maxFileSize": 20971520}', true, 'employmentContract', 'user', 'd7f38409-6805-408c-87e9-afd9b00a8de0', null, 'short', false);
INSERT INTO public.fields (id, title, description, type, params, is_required, code, source, subsidy_stage_id, required_condition, retention_period_on_approval, exclude_from_clone_data) VALUES ('92339406-5eac-4766-836c-21a7d78c98f8', 'Functie', null, 'select', '{"default": null, "options": ["Ambulancechauffeur", "Anesthesiemedewerker en/of operatieassistent", "Arts", "Bachelor medisch hulpverlener", "Doktersassistent", "Helpende", "Physician assistant", "Praktijkondersteuner huisarts", "Verpleegkundig specialist", "(gespecialiseerd) Verpleegkundige", "Verzorgende in de individuele gezondheidszorg (VIG’er) of verzorgende", "Zorgondersteuner en/of voedingsassistent", "Anders"]}', true, 'employmentFunction', 'user', 'd7f38409-6805-408c-87e9-afd9b00a8de0', null, 'short', false);
INSERT INTO public.fields (id, title, description, type, params, is_required, code, source, subsidy_stage_id, required_condition, retention_period_on_approval, exclude_from_clone_data) VALUES ('7418d633-8803-49f4-8c1c-04ed85570e37', 'Andere functie', null, 'text', '{"maxLength": 300}', false, 'otherEmploymentFunction', 'user', 'd7f38409-6805-408c-87e9-afd9b00a8de0', '{"type": "comparison", "stage": 1, "value": "Anders", "operator": "===", "fieldCode": "employmentFunction"}', 'short', false);
INSERT INTO public.fields (id, title, description, type, params, is_required, code, source, subsidy_stage_id, required_condition, retention_period_on_approval, exclude_from_clone_data) VALUES ('771dc19d-cb93-469b-a04f-fa08cdc6a72b', 'Werkgever', null, 'select', '{"default": null, "options": ["Zorgaanbieder", "Andere organisatie"]}', true, 'employerKind', 'user', 'd7f38409-6805-408c-87e9-afd9b00a8de0', null, 'short', false);
INSERT INTO public.fields (id, title, description, type, params, is_required, code, source, subsidy_stage_id, required_condition, retention_period_on_approval, exclude_from_clone_data) VALUES ('97107fd3-0d9b-413a-8c1e-e333856871b5', 'Verklaring zorgaanbieder', null, 'upload', '{"maxItems": 20, "minItems": 1, "mimeTypes": ["image/jpeg", "image/png", "application/pdf"], "maxFileSize": 20971520}', false, 'otherEmployerDeclarationFile', 'user', 'd7f38409-6805-408c-87e9-afd9b00a8de0', '{"type": "or", "conditions": [{"type": "comparison", "stage": 1, "value": "Anders", "operator": "===", "fieldCode": "employmentFunction"}, {"type": "comparison", "stage": 1, "value": "Andere organisatie", "operator": "===", "fieldCode": "employerKind"}]}', 'short', false);
INSERT INTO public.fields (id, title, description, type, params, is_required, code, source, subsidy_stage_id, required_condition, retention_period_on_approval, exclude_from_clone_data) VALUES ('380199de-604c-4dd8-b8a2-4c2484710b6b', 'Bent u werkzaam geweest bij een justitiële inrichting?', null, 'select', '{"default": null, "options": ["Ja", "Nee"]}', true, 'hasBeenWorkingAtJudicialInstitution', 'user', 'd7f38409-6805-408c-87e9-afd9b00a8de0', null, 'short', false);
INSERT INTO public.fields (id, title, description, type, params, is_required, code, source, subsidy_stage_id, required_condition, retention_period_on_approval, exclude_from_clone_data) VALUES ('d48ba0ad-c472-4e31-88e5-b6840443e449', 'BIG-nummer', null, 'text', '{"maxLength": 11}', false, 'BIGNumberJudicialInstitution', 'user', 'd7f38409-6805-408c-87e9-afd9b00a8de0', '{"type": "comparison", "stage": 1, "value": "Ja", "operator": "===", "fieldCode": "hasBeenWorkingAtJudicialInstitution"}', 'short', false);
INSERT INTO public.fields (id, title, description, type, params, is_required, code, source, subsidy_stage_id, required_condition, retention_period_on_approval, exclude_from_clone_data) VALUES ('196892af-0c8c-4ea7-a488-2c5ccc3b53ba', 'Medisch onderzoeksverslag', null, 'upload', '{"maxItems": 20, "minItems": 1, "mimeTypes": ["image/jpeg", "image/png", "application/pdf"], "maxFileSize": 20971520}', true, 'socialMedicalAssessment', 'user', 'd7f38409-6805-408c-87e9-afd9b00a8de0', null, 'short', false);
INSERT INTO public.fields (id, title, description, type, params, is_required, code, source, subsidy_stage_id, required_condition, retention_period_on_approval, exclude_from_clone_data) VALUES ('4f740f2b-ba13-4a4a-a610-23719270dee1', 'Heeft langdurige post-COVID klachten', null, 'select', '{"default": null, "options": ["Ja", "Nee"]}', true, 'hasPostCovidDiagnose', 'user', 'd7f38409-6805-408c-87e9-afd9b00a8de0', null, 'short', false);
INSERT INTO public.fields (id, title, description, type, params, is_required, code, source, subsidy_stage_id, required_condition, retention_period_on_approval, exclude_from_clone_data) VALUES ('4f15c5ef-9f51-49b0-be12-49f9a2130f4a', 'Verklaring arts', null, 'upload', '{"maxItems": 20, "minItems": 1, "mimeTypes": ["image/jpeg", "image/png", "application/pdf"], "maxFileSize": 20971520}', false, 'doctorsCertificate', 'user', 'd7f38409-6805-408c-87e9-afd9b00a8de0', '{"type": "comparison", "stage": 1, "value": "Nee", "operator": "===", "fieldCode": "hasPostCovidDiagnose"}', 'short', false);
INSERT INTO public.fields (id, title, description, type, params, is_required, code, source, subsidy_stage_id, required_condition, retention_period_on_approval, exclude_from_clone_data) VALUES ('8639f117-fb31-4054-8092-574595f64c94', '', null, 'checkbox', 'null', true, 'truthfullyCompleted', 'user', 'd7f38409-6805-408c-87e9-afd9b00a8de0', null, 'short', true);
INSERT INTO public.fields (id, title, description, type, params, is_required, code, source, subsidy_stage_id, required_condition, retention_period_on_approval, exclude_from_clone_data) VALUES ('566b2903-a869-4e61-8267-e8ae3b3e2d89', 'Controlevragen', null, 'multiselect', '{"options": ["Alle aangeleverde documenten zijn te herleiden tot dezelfde persoon op basis van BSN en de overige persoonsgegevens", "Het IBAN bestaat en is actief", "Het opgegeven IBAN staat op naam van de aanvrager of bewindvoerder", "Op basis van de SurePay terugkoppeling, en de controle of de aanvrager onder bewind staat, ben ik akkoord met het opgegeven rekeningnummer"]}', false, 'personalDataChecklist', 'user', 'e1e5d701-f849-4522-b7ca-75bd4785b1f1', null, 'short', false);
INSERT INTO public.fields (id, title, description, type, params, is_required, code, source, subsidy_stage_id, required_condition, retention_period_on_approval, exclude_from_clone_data) VALUES ('5fb45dd1-2820-4fb8-928c-87a43e7f84fc', 'Algemeen', null, 'multiselect', '{"options": ["Het verzekeringsbericht is gewaarmerkt en het BSN is zichtbaar in de upload", "Het BSN op het verzekeringsbericht komt overeen met dat van de aanvrager"]}', false, 'wiaChecklist', 'user', 'e1e5d701-f849-4522-b7ca-75bd4785b1f1', null, 'short', false);
INSERT INTO public.fields (id, title, description, type, params, is_required, code, source, subsidy_stage_id, required_condition, retention_period_on_approval, exclude_from_clone_data) VALUES ('c96b5d2a-7a58-4e5d-8058-cd59abfad68f', 'Uit de WIA-beslissing blijkt dat er sprake is van', null, 'select', '{"default": null, "options": ["IVA uitkering", "WGA uitkering", "Geen WIA-uitkering met als reden dat meer dan 65% verdiend kan worden"]}', false, 'WIADecisionIndicates', 'user', 'e1e5d701-f849-4522-b7ca-75bd4785b1f1', null, 'short', false);
INSERT INTO public.fields (id, title, description, type, params, is_required, code, source, subsidy_stage_id, required_condition, retention_period_on_approval, exclude_from_clone_data) VALUES ('4403c9a4-52bb-43e3-a12b-deb5808a57e8', 'IVA- of WGA-uitkering', null, 'multiselect', '{"options": ["Niet van toepassing", "Op het verzekeringsbericht staat vermeld dat de aanvrager een WIA-uitkering ontvangt", "De ingangsdatum van de WIA in de WIA-beslissing komt overeen met de ingangsdatum op het verzekeringsbericht", "De eerste ziektedag ligt in de periode van de eerste golf (heel 2020)"]}', false, 'IVA_Or_WIA_Checklist', 'user', 'e1e5d701-f849-4522-b7ca-75bd4785b1f1', null, 'short', false);
INSERT INTO public.fields (id, title, description, type, params, is_required, code, source, subsidy_stage_id, required_condition, retention_period_on_approval, exclude_from_clone_data) VALUES ('49307a82-8032-462f-a7f6-ba1805a0913f', 'Geen WIA-uitkering met als reden dat meer dan 65% verdiend kan worden', null, 'multiselect', '{"options": ["Niet van toepassing", "De datum waarop de WIA-uitkering niet wordt ontvangen ligt in de periode van 1 maart 2022 tot 1 september 2022 (104 weken wachttijd)"]}', false, 'WIA_RejectedOnHighSalaryChecklist', 'user', 'e1e5d701-f849-4522-b7ca-75bd4785b1f1', null, 'short', false);
INSERT INTO public.fields (id, title, description, type, params, is_required, code, source, subsidy_stage_id, required_condition, retention_period_on_approval, exclude_from_clone_data) VALUES ('bec0baa8-73d1-465c-9722-aa48ba3d47c3', 'Controlevragen', null, 'multiselect', '{"options": ["De werkgever komt overeen met de laatste werkgever vóór de WIA in het verzekeringsbericht", "Uit de arbeidsovereenkomst en/of de verklaring van de zorgaanbieder blijkt dat er sprake is van werkzaamheden die binnen de subsidieregeling vallen"]}', false, 'employerChecklist', 'user', 'e1e5d701-f849-4522-b7ca-75bd4785b1f1', null, 'short', false);
INSERT INTO public.fields (id, title, description, type, params, is_required, code, source, subsidy_stage_id, required_condition, retention_period_on_approval, exclude_from_clone_data) VALUES ('5a2d9da8-6b5d-408a-9d34-5d5508511470', 'De verklaring van de zorgaanbieder is volledig ingevuld', null, 'select', '{"default": null, "options": ["Nee", "Ja", "Niet van toepassing"]}', false, 'healthcareProviderStatementIsComplete', 'user', 'e1e5d701-f849-4522-b7ca-75bd4785b1f1', null, 'short', false);
INSERT INTO public.fields (id, title, description, type, params, is_required, code, source, subsidy_stage_id, required_condition, retention_period_on_approval, exclude_from_clone_data) VALUES ('89febe42-e6b0-4485-abcf-b04e664a0390', 'Naam werkgever', null, 'text', 'null', false, 'employerName', 'user', 'e1e5d701-f849-4522-b7ca-75bd4785b1f1', null, 'short', false);
INSERT INTO public.fields (id, title, description, type, params, is_required, code, source, subsidy_stage_id, required_condition, retention_period_on_approval, exclude_from_clone_data) VALUES ('2f6e8843-188a-4cda-871a-54fd438dfc14', 'Naam zorgaanbieder, indien niet werkgever', null, 'text', 'null', false, 'healthcareProviderName', 'user', 'e1e5d701-f849-4522-b7ca-75bd4785b1f1', null, 'short', false);
INSERT INTO public.fields (id, title, description, type, params, is_required, code, source, subsidy_stage_id, required_condition, retention_period_on_approval, exclude_from_clone_data) VALUES ('f0eaed5d-163a-42ac-9505-714053ab11f4', 'KVK-nummer van de zorgaanbieder waar de zorg is verleend', null, 'text', 'null', false, 'chamberOfCommerceNumberHealthcareProvider', 'user', 'e1e5d701-f849-4522-b7ca-75bd4785b1f1', null, 'short', false);
INSERT INTO public.fields (id, title, description, type, params, is_required, code, source, subsidy_stage_id, required_condition, retention_period_on_approval, exclude_from_clone_data) VALUES ('b7355530-a9d4-4979-b991-8c12c918da41', 'Controlevragen', null, 'multiselect', '{"options": ["De zorgaanbieder waar de aanvrager werkzaam is geweest heeft de juiste SBI-code", "De zorgaanbieder waar de aanvrager werkzaam is geweest heeft de juiste AGB code of is een Jeugdhulp aanbieder die op de lijst staat", "De zorgaanbieder voldoet aan de eisen binnen de regeling"]}', false, 'healthcareProviderChecklist', 'user', 'e1e5d701-f849-4522-b7ca-75bd4785b1f1', null, 'short', false);
INSERT INTO public.fields (id, title, description, type, params, is_required, code, source, subsidy_stage_id, required_condition, retention_period_on_approval, exclude_from_clone_data) VALUES ('9ef06436-abb5-4e24-8d2f-e3d6f7a562d5', 'SBI-code zorgaanbieder', null, 'text', '{"maxLength": 100}', false, 'healthcareProviderSBICode', 'user', 'e1e5d701-f849-4522-b7ca-75bd4785b1f1', null, 'short', false);
INSERT INTO public.fields (id, title, description, type, params, is_required, code, source, subsidy_stage_id, required_condition, retention_period_on_approval, exclude_from_clone_data) VALUES ('3805de5e-df5c-43e9-9b24-eee34592b9dc', 'AGB-code zorgaanbieder', null, 'text', '{"maxLength": 100}', false, 'healthcareProviderAGBCode', 'user', 'e1e5d701-f849-4522-b7ca-75bd4785b1f1', null, 'short', false);
INSERT INTO public.fields (id, title, description, type, params, is_required, code, source, subsidy_stage_id, required_condition, retention_period_on_approval, exclude_from_clone_data) VALUES ('d5cda386-e6f4-4b30-8aa1-da91c66400db', 'De justitiële inrichting waar de aanvrager werkzaam is geweest valt binnen de regeling', null, 'select', '{"default": null, "options": ["Nee", "Ja", "Niet van toepassing"]}', false, 'judicialInstitutionIsEligible', 'user', 'e1e5d701-f849-4522-b7ca-75bd4785b1f1', null, 'short', false);
INSERT INTO public.fields (id, title, description, type, params, is_required, code, source, subsidy_stage_id, required_condition, retention_period_on_approval, exclude_from_clone_data) VALUES ('7dfcc5ef-e7f5-4be2-8052-e001bcc83305', 'De aanvrager is op basis van het doorgegeven BIG-nummer terug te vinden in het BIG-register', null, 'select', '{"default": null, "options": ["Nee", "Ja", "Niet van toepassing"]}', false, 'applicantFoundInBigRegister', 'user', 'e1e5d701-f849-4522-b7ca-75bd4785b1f1', null, 'short', false);
INSERT INTO public.fields (id, title, description, type, params, is_required, code, source, subsidy_stage_id, required_condition, retention_period_on_approval, exclude_from_clone_data) VALUES ('864ca5ef-92ab-4efa-b95e-47cc55914742', 'Controlevragen', null, 'multiselect', '{"options": ["Op basis van het medisch onderzoeksverslag (medische rapportage) en/of de verklaring van de arts is vast te stellen dat er een post-COVID diagnose is gesteld", "De post-COVID diagnose is vóór 1 juni 2023 gesteld"]}', false, 'postCovidChecklist', 'user', 'e1e5d701-f849-4522-b7ca-75bd4785b1f1', null, 'short', false);
INSERT INTO public.fields (id, title, description, type, params, is_required, code, source, subsidy_stage_id, required_condition, retention_period_on_approval, exclude_from_clone_data) VALUES ('4d0e28b9-fe43-4e45-86c0-ab012fa8e6d6', 'De arts die de verklaring heeft afgegeven is als arts geregistreerd in het BIG-register', null, 'select', '{"default": null, "options": ["Nee", "Ja", "Niet van toepassing"]}', false, 'doctorFoundInBigRegister', 'user', 'e1e5d701-f849-4522-b7ca-75bd4785b1f1', null, 'short', false);
INSERT INTO public.fields (id, title, description, type, params, is_required, code, source, subsidy_stage_id, required_condition, retention_period_on_approval, exclude_from_clone_data) VALUES ('1f2c214b-cb26-48e6-b516-71ef0d40a2b8', 'De verklaring van de arts is volledig ingevuld', null, 'select', '{"default": null, "options": ["Nee", "Ja", "Niet van toepassing"]}', false, 'doctorsCertificateIsComplete', 'user', 'e1e5d701-f849-4522-b7ca-75bd4785b1f1', null, 'short', false);
INSERT INTO public.fields (id, title, description, type, params, is_required, code, source, subsidy_stage_id, required_condition, retention_period_on_approval, exclude_from_clone_data) VALUES ('ff5d9b76-f45e-459f-bf71-5e0464147785', 'Bedrag', null, 'select', '{"default": "€ 24.000", "options": ["€ 24.000"]}', false, 'amount', 'user', 'e1e5d701-f849-4522-b7ca-75bd4785b1f1', null, 'short', false);
INSERT INTO public.fields (id, title, description, type, params, is_required, code, source, subsidy_stage_id, required_condition, retention_period_on_approval, exclude_from_clone_data) VALUES ('ce48639d-4223-4a60-a8c2-331cf80b4a34', 'Beoordeling', null, 'select', '{"default": null, "options": ["Aanvulling nodig", "Afgekeurd", "Goedgekeurd"]}', true, 'firstAssessment', 'user', 'e1e5d701-f849-4522-b7ca-75bd4785b1f1', null, 'short', false);
INSERT INTO public.fields (id, title, description, type, params, is_required, code, source, subsidy_stage_id, required_condition, retention_period_on_approval, exclude_from_clone_data) VALUES ('d61cc1d4-c756-48bb-b417-e17f7716486d', 'Reden', null, 'select', '{"default": null, "options": ["Incomplete aanvraag", "Onduidelijkheid of vervolgvragen"]}', false, 'firstAssessmentRequestedComplementReason', 'user', 'e1e5d701-f849-4522-b7ca-75bd4785b1f1', null, 'short', false);
INSERT INTO public.fields (id, title, description, type, params, is_required, code, source, subsidy_stage_id, required_condition, retention_period_on_approval, exclude_from_clone_data) VALUES ('08da7b30-20d5-49fb-b7bc-a4d697e3f659', 'Toelichting van benodigde aanvullingen', null, 'text', 'null', false, 'firstAssessmentRequestedComplementNote', 'user', 'e1e5d701-f849-4522-b7ca-75bd4785b1f1', null, 'short', false);
INSERT INTO public.fields (id, title, description, type, params, is_required, code, source, subsidy_stage_id, required_condition, retention_period_on_approval, exclude_from_clone_data) VALUES ('bb81c92f-2b5a-4d2d-9a62-e89ce383d1ee', 'Reden van afkeuring', null, 'text', 'null', false, 'firstAssessmentRejectedNote', 'user', 'e1e5d701-f849-4522-b7ca-75bd4785b1f1', null, 'short', false);
INSERT INTO public.fields (id, title, description, type, params, is_required, code, source, subsidy_stage_id, required_condition, retention_period_on_approval, exclude_from_clone_data) VALUES ('810736d6-9d98-409d-84ef-96af72f6f58a', 'Motivatie van goedkeuring', null, 'text', 'null', false, 'firstAssessmentApprovedNote', 'user', 'e1e5d701-f849-4522-b7ca-75bd4785b1f1', null, 'short', false);
INSERT INTO public.fields (id, title, description, type, params, is_required, code, source, subsidy_stage_id, required_condition, retention_period_on_approval, exclude_from_clone_data) VALUES ('7f79de31-b839-4694-a760-4c7c5c8c4cde', 'Interne notitie', null, 'text', 'null', false, 'firstAssessmentInternalNote', 'user', 'e1e5d701-f849-4522-b7ca-75bd4785b1f1', null, 'short', false);
INSERT INTO public.fields (id, title, description, type, params, is_required, code, source, subsidy_stage_id, required_condition, retention_period_on_approval, exclude_from_clone_data) VALUES ('a44c61ab-60ed-4452-bbec-e3cbf4824d6c', 'De motivatie van de eerste behandelaar is duidelijk en correct', null, 'checkbox', 'null', false, 'firstAssessorMotivatedValid', 'user', '8d206564-6518-4e13-94a4-12c9a3073617', null, 'short', false);
INSERT INTO public.fields (id, title, description, type, params, is_required, code, source, subsidy_stage_id, required_condition, retention_period_on_approval, exclude_from_clone_data) VALUES ('fa2bf39e-8857-490d-9073-6b4185f56195', 'Beoordeling', null, 'select', '{"default": null, "options": ["Oneens met de eerste beoordeling", "Eens met de eerste beoordeling"]}', true, 'secondAssessment', 'user', '8d206564-6518-4e13-94a4-12c9a3073617', null, 'short', false);
INSERT INTO public.fields (id, title, description, type, params, is_required, code, source, subsidy_stage_id, required_condition, retention_period_on_approval, exclude_from_clone_data) VALUES ('4a950f72-969a-45a8-a7e1-faa8f12fd18f', 'Interne notitie', null, 'text', 'null', false, 'secondAssessmentInternalNote', 'user', '8d206564-6518-4e13-94a4-12c9a3073617', null, 'short', false);
INSERT INTO public.fields (id, title, description, type, params, is_required, code, source, subsidy_stage_id, required_condition, retention_period_on_approval, exclude_from_clone_data) VALUES ('03bd4cd5-5675-4ee5-8e81-61c164662ec8', 'Controlevragen', null, 'multiselect', '{"options": ["Alle benodigde documenten zijn aangeleverd", "Uit de dataverificatie blijkt dat er geen onvolkomenheden zijn geconstateerd", "De motivatie van de eerste beoordeling is duidelijk"]}', false, 'internalAssessmentChecklist', 'user', '0200a5c4-70fa-401d-b943-881eb4b877e6', null, 'short', false);
INSERT INTO public.fields (id, title, description, type, params, is_required, code, source, subsidy_stage_id, required_condition, retention_period_on_approval, exclude_from_clone_data) VALUES ('02a40845-133a-4125-949d-2724122ded1b', 'Beoordeling', null, 'select', '{"default": null, "options": ["Oneens met de eerste beoordeling", "Eens met de eerste beoordeling"]}', true, 'internalAssessment', 'user', '0200a5c4-70fa-401d-b943-881eb4b877e6', null, 'short', false);
INSERT INTO public.fields (id, title, description, type, params, is_required, code, source, subsidy_stage_id, required_condition, retention_period_on_approval, exclude_from_clone_data) VALUES ('5043738b-a3bf-45dd-ba7d-39ee927aef16', 'Interne notitie', null, 'text', 'null', false, 'internalAssessmentInternalNote', 'user', '0200a5c4-70fa-401d-b943-881eb4b877e6', null, 'short', false);
INSERT INTO public.fields (id, title, description, type, params, is_required, code, source, subsidy_stage_id, required_condition, retention_period_on_approval, exclude_from_clone_data) VALUES ('b14d2800-ab74-4338-89a9-c5951542f7ed', 'Beoordeling', null, 'select', '{"default": null, "options": ["Oneens met de eerste beoordeling", "Eens met de eerste beoordeling"]}', true, 'implementationCoordinatorAssessment', 'user', 'e2467684-3d17-4f2b-9d89-274fce583fa7', null, 'long', false);
INSERT INTO public.fields (id, title, description, type, params, is_required, code, source, subsidy_stage_id, required_condition, retention_period_on_approval, exclude_from_clone_data) VALUES ('7d9e26ba-7280-40a5-b28b-628ce8e211a0', 'Interne notitie', null, 'text', 'null', false, 'coordinatorImplementationInternalNote', 'user', 'e2467684-3d17-4f2b-9d89-274fce583fa7', null, 'short', false);
INSERT INTO public.fields (id, title, description, type, params, is_required, code, source, subsidy_stage_id, required_condition, retention_period_on_approval, exclude_from_clone_data) VALUES ('7486a92b-2a2d-467f-b36b-59b3a2e45e4a', 'Reden van afkeuring', null, 'text', 'null', false, 'coordinatorImplementationReasonForRejection', 'user', 'e2467684-3d17-4f2b-9d89-274fce583fa7', null, 'short', false);
INSERT INTO public.fields (id, title, description, type, params, is_required, code, source, subsidy_stage_id, required_condition, retention_period_on_approval, exclude_from_clone_data) VALUES ('5888430b-06aa-4adc-87e5-22ef6a105849', 'Extra informatie over de gedane wijzigingen', null, 'text', 'null', false, 'coordinatorImplementationApprovalNote', 'user', 'e2467684-3d17-4f2b-9d89-274fce583fa7', null, 'short', false);

-- subsidy_stage_hashes
INSERT INTO public.subsidy_stage_hashes (id, subsidy_stage_id, description, created_at, updated_at, name) VALUES ('9789ee74-8814-4c12-b876-a1e01880f37a', 'd7f38409-6805-408c-87e9-afd9b00a8de0', 'Bank account duplicate reporting', 'now()', 'now()', 'Bank account');

-- subsidy_stage_hash_field
INSERT INTO public.subsidy_stage_hash_fields (subsidy_stage_hash_id, field_id) VALUES ('9789ee74-8814-4c12-b876-a1e01880f37a', '56e3197f-77f5-4185-ab93-839ef492a813');

-- subsidy_stage_uis
INSERT INTO public.subsidy_stage_uis (id, subsidy_stage_id, version, status, input_ui, created_at, updated_at, view_ui) VALUES ('422cb32a-fed3-4d69-91ca-818db6b96daf', 'd7f38409-6805-408c-87e9-afd9b00a8de0', 1, 'published', '{"type":"CustomPageNavigationControl","elements":[{"type":"CustomPageControl","label":"Start","elements":[{"type":"FormGroupControl","options":{"section":true},"elements":[{"type":"FormHtml","options":{"html":"<h2>Introductie<\/h2>\n<p>\n    Met dit formulier vraagt u een financi\u00eble ondersteuning aan via de regeling Zorgmedewerkers met langdurige post-COVID klachten. U kunt de financi\u00eble ondersteuning aanvragen als u voldoet aan de voorwaarden uit de regeling. De financi\u00eble ondersteuning bedraagt \u20ac24.000 per persoon.\n<\/p>\n<h2>Benodigde bestanden<\/h2>\n<p>Om in aanmerking te komen voor de financi\u00eble ondersteuning, vragen we u om een aantal documenten:<\/p>\n<p><\/p>\n<ol>\n    <li>Gewaarmerkt verzekeringsbericht UWV<\/li>\n    <li>Kopie WIA-beslissing<\/li>\n    <li>Bewijs van uw dienstverband<\/li>\n    <li>Medisch onderzoeksverslag \/ medische rapportage<\/li>\n<\/ol>\n\n<p>In de laatste stap van het aanvraagformulier kunt u de gevraagde documenten uploaden. In deze stap tonen we ook of mogelijk extra gegevens en\/of bewijsstukken noodzakelijk zijn voor de beoordeling van uw aanvraag. Let op: als we u om extra documenten vragen, gebruik dan altijd de <a\n    title=\"Documenten over Zorgmedewerkers met langdurige post-COVID klachten\"\n    href=\"https:\/\/www.dus-i.nl\/subsidies\/zorgmedewerkers-met-langdurige-post-covid-klachten\/documenten\"\n    target=\"_blank\"\n    rel=\"nofollow noopener external\"\n>verplichte formats<\/a\n>.<\/p>\n\n<h2>Meer informatie<\/h2>\n\n<p>Bekijk voor meer informatie over de regeling, de voorwaarden en de aanvraagprocedure onze <a title=\"website voor zorgmedewerkers met langdurige post-COVID klachten\" href=\"https:\/\/www.dus-i.nl\/post-covid\" target=\"_blank\" rel=\"nofollow noopener external\">website<\/a>. Heeft u een vraag? Gebruik dan het <a\n    title=\"Contactformulier DUS-i post-COVID\"\n    href=\"https:\/\/formulierdus-i.nl\/contact\/?kenmerk=PostCov&dus%2Di%5Furl=https%3A%2F%2Fwww%2Edus%2Di%2Enl%2Fsubsidies%2Fzorgmedewerkers%2Dmet%2Dlangdurige%2Dpost%2Dcovid%2Dklachten\"\n    target=\"_blank\"\n    rel=\"nofollow noopener external\"\n>contactformulier<\/a\n> of bel met 070-3405566. Wij zijn telefonisch bereikbaar op werkdagen van 9.00 tot 16.00 uur.<\/p>\n\n<h2>Aanvraag starten<\/h2>\n"}}]}],"options":{"required":[],"allOf":[]}},{"type":"CustomPageControl","label":"Persoonsgegevens toevoegen","elements":[{"type":"FormGroupControl","options":{"section":true},"elements":[{"type":"Group","label":"Persoonlijke informatie","elements":[{"type":"VerticalLayout","elements":[{"type":"CustomControl","scope":"#\/properties\/firstName","label":"Voornaam","options":{"placeholder":""}},{"type":"CustomControl","scope":"#\/properties\/infix","label":"Tussenvoegsel","options":{"placeholder":""}},{"type":"CustomControl","scope":"#\/properties\/lastName","label":"Achternaam","options":{"placeholder":""}},{"type":"CustomControl","scope":"#\/properties\/dateOfBirth","label":"Geboortedatum","options":{"placeholder":""}}]}]},{"type":"Group","label":"Adres","elements":[{"type":"VerticalLayout","elements":[{"type":"CustomControl","scope":"#\/properties\/street","label":"Straatnaam","options":{"placeholder":""}},{"type":"CustomControl","scope":"#\/properties\/houseNumber","label":"Huisnummer","options":{"placeholder":""}},{"type":"CustomControl","scope":"#\/properties\/houseNumberSuffix","label":"Huisnummer toevoeging","options":{"placeholder":""}},{"type":"CustomControl","scope":"#\/properties\/postalCode","label":"Postcode","options":{"placeholder":""}},{"type":"CustomControl","scope":"#\/properties\/city","label":"Plaatsnaam","options":{"placeholder":""}},{"type":"CustomControl","scope":"#\/properties\/country","label":"Land","options":{"format":"select","placeholder":"Selecteer een land","default":"Nederland"}}]}]},{"type":"Group","label":"Contact","elements":[{"type":"VerticalLayout","elements":[{"type":"CustomControl","scope":"#\/properties\/phoneNumber","label":"Telefoonnummer","options":{"placeholder":""}},{"type":"CustomControl","scope":"#\/properties\/email","label":"E-mailadres","options":{"placeholder":"","tip":"U wordt via dit e-mailadres ge\u00efnformeerd over de status van uw aanvraag. Geef daarom alleen uw eigen e-mailadres door.","validation":["onBlur"]}}]}]},{"type":"Group","label":"Bank","elements":[{"type":"VerticalLayout","elements":[{"type":"CustomControl","scope":"#\/properties\/bankAccountHolder","label":"Naam rekeninghouder","options":{"placeholder":"","validation":["onBlur"]}},{"type":"CustomControl","scope":"#\/properties\/bankAccountNumber","label":"IBAN","options":{"placeholder":"","tip":"Staat u onder bewind? Vermeld dan het IBAN van uw beheerrekening.","validation":["onValid"]}},{"type":"CustomControl","scope":"#\/properties\/bankStatement","label":"Bankafschrift","options":{"accept":"image\/jpeg,image\/png,application\/pdf","maxFileSize":20971520,"minItems":1,"maxItems":20,"tip":"De ingevoerde naam rekeninghouder en IBAN konden niet worden geverifieerd.\n\nOp de kopie van een recent bankafschrift moeten het rekeningnummer en uw naam zichtbaar zijn. Adres en datum mogen ook, maar zijn niet verplicht. Maak de andere gegevens onleesbaar. U mag ook een afdruk van internet bankieren gebruiken of een kopie van uw bankpas. Zie ook dit <a href=\"https:\/\/www.dus-i.nl\/documenten\/publicaties\/2018\/07\/30\/voorbeeld-bankafschrift\" target=\"_blank\">voorbeeld<\/a>.","validation":["onInput"]},"rule":{"effect":"SHOW","condition":{"scope":"#","schema":{"anyOf":[{"required":["validationResult"],"properties":{"validationResult":{"type":"object","required":["bankAccountNumber"],"properties":{"bankAccountNumber":{"type":"array","items":{"anyOf":[{"type":"object","required":["id"],"properties":{"id":{"const":"validationSurePayError"}}},{"type":"object","required":["id"],"properties":{"id":{"const":"validationSurePayWarning"}}}]}}}}}}]}}}}]}]}]}],"options":{"required":["firstName","lastName","street","dateOfBirth","houseNumber","postalCode","city","country","phoneNumber","email","bankAccountHolder","bankAccountNumber"],"allOf":[{"if":{"required":["validationResult"],"properties":{"validationResult":{"type":"object","required":["bankAccountNumber"],"properties":{"bankAccountNumber":{"type":"array","items":{"anyOf":[{"type":"object","required":["id"],"properties":{"id":{"const":"validationSurePayError"}}}]}}}}}},"then":{"required":["bankStatement"]}}]}},{"type":"CustomPageControl","label":"Documenten toevoegen","elements":[{"type":"FormGroupControl","options":{"section":true},"elements":[{"type":"Group","label":"UWV","elements":[{"type":"VerticalLayout","elements":[{"type":"CustomControl","scope":"#\/properties\/certifiedEmploymentDocument","label":"Gewaarmerkt verzekeringsbericht","options":{"accept":"image\/jpeg,image\/png,.pdf","maxFileSize":20971520,"minItems":1,"maxItems":20,"tip":"Toegestane bestandstypen: pdf, jpg, jpeg, png. Maximale bestandsgrootte: 20 MB."}}]}]},{"type":"Group","label":"WIA","elements":[{"type":"VerticalLayout","elements":[{"type":"CustomControl","scope":"#\/properties\/wiaDecisionDocument","label":"WIA-Beslissing","options":{"accept":"image\/jpeg,image\/png,.pdf","maxFileSize":20971520,"minItems":1,"maxItems":20,"tip":"Toegestane bestandstypen: pdf, jpg, jpeg, png. Maximale bestandsgrootte: 20 MB."}},{"type":"CustomControl","scope":"#\/properties\/isWiaDecisionPostponed","label":"Is uw WIA-beslissing uitgesteld vanwege een (vrijwillige of verplichte) loondoorbetaling?","options":{"format":"radio"}},{"type":"CustomControl","scope":"#\/properties\/wiaDecisionPostponedLetter","label":"Toekenningsbrief","options":{"accept":"image\/jpeg,image\/png,.pdf","maxFileSize":20971520,"minItems":1,"maxItems":20,"tip":"Toegestane bestandstypen: pdf, jpg, jpeg, png. Maximale bestandsgrootte: 20 MB."},"rule":{"effect":"SHOW","condition":{"scope":"#\/properties\/isWiaDecisionPostponed","schema":{"const":"Ja"}}}}]}]},{"type":"Group","label":"Werkgever","elements":[{"type":"VerticalLayout","elements":[{"type":"CustomControl","scope":"#\/properties\/employmentContract","label":"Bewijs van uw dienstverband","options":{"accept":"image\/jpeg,image\/png,.pdf","maxFileSize":20971520,"minItems":1,"maxItems":20,"tip":"Toegestane bestandstypen: pdf, jpg, jpeg, png. Maximale bestandsgrootte: 20 MB."}}]},{"type":"VerticalLayout","elements":[{"type":"CustomControl","scope":"#\/properties\/employmentFunction","label":"Functie","options":{"format":"select","placeholder":"-- Selecteer een functie --"}}]},{"type":"CustomControl","scope":"#\/properties\/otherEmploymentFunction","label":"Andere functie","options":{"placeholder":""},"rule":{"effect":"SHOW","condition":{"scope":"#\/properties\/employmentFunction","schema":{"const":"Anders"}}}},{"type":"VerticalLayout","elements":[{"type":"CustomControl","scope":"#\/properties\/employerKind","label":"Werkgever","options":{"format":"radio"}}]},{"type":"VerticalLayout","elements":[{"type":"CustomControl","scope":"#\/properties\/otherEmployerDeclarationFile","label":"Verklaring zorgaanbieder","options":{"accept":"image\/jpeg,image\/png,.pdf","maxFileSize":20971520,"minItems":1,"maxItems":20,"tip":"Toegestane bestandstypen: pdf, jpg, jpeg, png. Maximale bestandsgrootte: 20 MB."},"rule":{"effect":"SHOW","condition":{"scope":"#","schema":{"anyOf":[{"required":["employmentFunction"],"properties":{"employmentFunction":{"const":"Anders"}}},{"required":["employerKind"],"properties":{"employerKind":{"const":"Andere organisatie"}}}]}}}}]},{"type":"VerticalLayout","elements":[{"type":"CustomControl","scope":"#\/properties\/hasBeenWorkingAtJudicialInstitution","label":"Heeft u gewerkt in een justiti\u00eble inrichting?","options":{"format":"radio"}}]},{"type":"VerticalLayout","elements":[{"type":"CustomControl","scope":"#\/properties\/BIGNumberJudicialInstitution","label":"BIG-nummer","options":{},"rule":{"effect":"SHOW","condition":{"scope":"#\/properties\/hasBeenWorkingAtJudicialInstitution","schema":{"const":"Ja"}}}}]}]},{"type":"Group","label":"Medisch","elements":[{"type":"VerticalLayout","elements":[{"type":"CustomControl","scope":"#\/properties\/socialMedicalAssessment","label":"Medisch onderzoeksverslag (medische rapportage)","options":{"accept":"image\/jpeg,image\/png,.pdf","maxFileSize":20971520,"minItems":1,"maxItems":20,"tip":"Toegestane bestandstypen: pdf, jpg, jpeg, png. Maximale bestandsgrootte: 20 MB."}}]},{"type":"VerticalLayout","elements":[{"type":"CustomControl","scope":"#\/properties\/hasPostCovidDiagnose","label":"Bevat uw medisch onderzoeksverslag de diagnose langdurige post-COVID?","options":{"format":"radio"}}]},{"type":"VerticalLayout","elements":[{"type":"CustomControl","scope":"#\/properties\/doctorsCertificate","label":"Verklaring arts","options":{"accept":"image\/jpeg,image\/png,.pdf","maxFileSize":20971520,"minItems":1,"maxItems":20,"tip":"Toegestane bestandstypen: pdf, jpg, jpeg, png. Maximale bestandsgrootte: 20 MB."},"rule":{"effect":"SHOW","condition":{"scope":"#\/properties\/hasPostCovidDiagnose","schema":{"const":"Nee"}}}}]}]}]}],"options":{"required":["certifiedEmploymentDocument","wiaDecisionDocument","isWiaDecisionPostponed","employmentContract","employmentFunction","employerKind","hasBeenWorkingAtJudicialInstitution","socialMedicalAssessment","hasPostCovidDiagnose"],"allOf":[{"if":{"properties":{"isWiaDecisionPostponed":{"const":"Ja"}}},"then":{"required":["wiaDecisionPostponedLetter"]}},{"if":{"anyOf":[{"required":["employmentFunction"],"properties":{"employmentFunction":{"const":"Anders"}}},{"required":["employerKind"],"properties":{"employerKind":{"const":"Andere organisatie"}}}]},"then":{"required":["otherEmployerDeclarationFile"]}},{"if":{"properties":{"hasBeenWorkingAtJudicialInstitution":{"const":"Ja"}}},"then":{"required":["BIGNumberJudicialInstitution"]}},{"if":{"properties":{"employmentFunction":{"const":"Anders"}}},"then":{"required":["otherEmploymentFunction"]}},{"if":{"properties":{"hasPostCovidDiagnose":{"const":"Nee"}}},"then":{"required":["doctorsCertificate"]}}]}},{"type":"CustomPageControl","label":"Controleren en ondertekenen","elements":[{"type":"FormGroupControl","options":{"section":true},"elements":[{"type":"Group","label":"Controleren","elements":[{"type":"FormResultsTable","label":"Uw gegevens","options":{"fields":{"Naam":"{firstName} {infix} {lastName}","Adres":"{street} {houseNumber}{houseNumberSuffix} {postalCode} {city}","Telefoon":"{phoneNumber}","E-mailadres":"{email}","Geboortedatum":"{dateOfBirth}"}}}]},{"type":"Group","label":"Ondertekenen","elements":[{"type":"CustomControl","scope":"#\/properties\/truthfullyCompleted","label":"Waarheidsverklaring","options":{"description":"Ik verklaar het formulier naar waarheid te hebben ingevuld."}}]}]}],"options":{"required":["truthfullyCompleted"],"allOf":[]}}]}', null, null, '{"type":"FormGroupControl","options":{"section":true},"elements":[{"type":"FormGroupControl","label":"Persoonlijke informatie","options":{"section":true,"headingLevel":"2"},"elements":[{"type":"FormResultsTable","options":{"fields":{"Voornaam":"{firstName}","Tussenvoegsel":"{infix}","Achternaam":"{lastName}","Geboortedatum":"{dateOfBirth}"}}}]},{"type":"FormGroupControl","label":"Adres","options":{"section":true,"headingLevel":"2"},"elements":[{"type":"FormResultsTable","options":{"fields":{"Land":"{country}","Straatnaam":"{street}","Huisnummer":"{houseNumber}","Huisnummer toevoeging":"{houseNumberSuffix}","Postcode":"{postalCode}","Plaatsnaam":"{city}"}}}]},{"type":"FormGroupControl","label":"Contact","options":{"section":true,"headingLevel":"2"},"elements":[{"type":"FormResultsTable","options":{"fields":{"Telefoonnummer":"{phoneNumber}","E-mailadres":"{email}"}}}]},{"type":"FormGroupControl","label":"Bank","options":{"section":true,"headingLevel":"2"},"elements":[{"type":"FormResultsTable","options":{"fields":{"IBAN":"{bankAccountNumber}","Naam rekeninghouder":"{bankAccountHolder}","Bankafschrift (indien nodig)":"{bankStatement}"}}}]},{"type":"FormGroupControl","label":"UWV","options":{"section":true,"headingLevel":"2"},"elements":[{"type":"FormResultsTable","options":{"fields":{"Gewaarmerkt verzekeringsbericht":"{certifiedEmploymentDocument}"}}}]},{"type":"FormGroupControl","label":"WIA","options":{"section":true,"headingLevel":"2"},"elements":[{"type":"FormResultsTable","options":{"fields":{"WIA-Beslissing":"{wiaDecisionDocument}","WIA-Beslissing uitgesteld":"{isWiaDecisionPostponed}","Toekenningsbrief (indien uitgesteld)":"{wiaDecisionPostponedLetter}"}}}]},{"type":"FormGroupControl","label":"Werkgever","options":{"section":true,"headingLevel":"2"},"elements":[{"type":"FormResultsTable","options":{"fields":{"Bewijs van dienstverband":"{employmentContract}","Functie":"{employmentFunction}","Werkgever":"{employerKind}","Verklaring zorgaanbieder (indien anders)":"{otherEmployerDeclarationFile}","Heeft u gewerkt in een justiti\u00eble inrichting?":"{hasBeenWorkingAtJudicialInstitution}","BIG-nummer":"{BIGNumberJudicialInstitution}"}}}]},{"type":"FormGroupControl","label":"Medisch","options":{"section":true,"headingLevel":"2"},"elements":[{"type":"FormResultsTable","options":{"fields":{"Medisch onderzoeksverslag (medische rapportage)":"{socialMedicalAssessment}","Bevat uw medisch onderzoeksverslag de diagnose langdurige post-COVID?":"{hasPostCovidDiagnose}","Verklaring arts (indien geen diagnose)":"{doctorsCertificate}"}}}]}]}');
INSERT INTO public.subsidy_stage_uis (id, subsidy_stage_id, version, status, input_ui, created_at, updated_at, view_ui) VALUES ('26a15797-01ec-4d19-b10d-618c0507c36f', 'e1e5d701-f849-4522-b7ca-75bd4785b1f1', 1, 'published', '{"type":"FormGroupControl","options":{"section":true,"group":true},"elements":[{"type":"Group","label":"Persoonsgegevens","elements":[{"type":"VerticalLayout","elements":[{"type":"CustomControl","scope":"#\/properties\/personalDataChecklist","options":{"format":"checkbox-group"}}]}]},{"type":"Group","label":"Vaststellen WIA","elements":[{"type":"VerticalLayout","elements":[{"type":"CustomControl","scope":"#\/properties\/wiaChecklist","options":{"format":"checkbox-group"}}]},{"type":"VerticalLayout","elements":[{"type":"CustomControl","scope":"#\/properties\/WIADecisionIndicates","options":{"format":"radio"}}]},{"type":"VerticalLayout","elements":[{"type":"CustomControl","scope":"#\/properties\/IVA_Or_WIA_Checklist","options":{"format":"checkbox-group"}}]},{"type":"VerticalLayout","elements":[{"type":"CustomControl","scope":"#\/properties\/WIA_RejectedOnHighSalaryChecklist","options":{"format":"checkbox-group"}}]}]},{"type":"Group","label":"Zorgaanbieder en functie","elements":[{"type":"VerticalLayout","elements":[{"type":"CustomControl","scope":"#\/properties\/employerChecklist","options":{"format":"checkbox-group"}}]},{"type":"VerticalLayout","elements":[{"type":"CustomControl","scope":"#\/properties\/healthcareProviderStatementIsComplete","options":{"format":"radio"}}]},{"type":"VerticalLayout","elements":[{"type":"CustomControl","scope":"#\/properties\/employerName","options":[]}]},{"type":"VerticalLayout","elements":[{"type":"CustomControl","scope":"#\/properties\/healthcareProviderName","options":[]}]},{"type":"VerticalLayout","elements":[{"type":"CustomControl","scope":"#\/properties\/chamberOfCommerceNumberHealthcareProvider","options":[]}]},{"type":"VerticalLayout","elements":[{"type":"CustomControl","scope":"#\/properties\/healthcareProviderChecklist","options":{"format":"checkbox-group"}}]},{"type":"VerticalLayout","elements":[{"type":"CustomControl","scope":"#\/properties\/healthcareProviderSBICode","options":[]}]},{"type":"VerticalLayout","elements":[{"type":"CustomControl","scope":"#\/properties\/healthcareProviderAGBCode","options":[]}]}]},{"type":"Group","label":"Justiti\u00eble inrichting","elements":[{"type":"VerticalLayout","elements":[{"type":"CustomControl","scope":"#\/properties\/judicialInstitutionIsEligible","options":{"format":"radio"}}]},{"type":"VerticalLayout","elements":[{"type":"CustomControl","scope":"#\/properties\/applicantFoundInBigRegister","options":{"format":"radio"}}]}]},{"type":"Group","label":"Vaststellen post-COVID","elements":[{"type":"VerticalLayout","elements":[{"type":"CustomControl","scope":"#\/properties\/postCovidChecklist","options":{"format":"checkbox-group"}}]},{"type":"VerticalLayout","elements":[{"type":"CustomControl","scope":"#\/properties\/doctorFoundInBigRegister","options":{"format":"radio"}}]},{"type":"VerticalLayout","elements":[{"type":"CustomControl","scope":"#\/properties\/doctorsCertificateIsComplete","options":{"format":"radio"}}]}]},{"type":"Group","label":"Uitkering","elements":[{"type":"VerticalLayout","elements":[{"type":"CustomControl","scope":"#\/properties\/amount","options":{"format":"radio"}}]}]},{"type":"Group","label":"Status","elements":[{"type":"VerticalLayout","elements":[{"type":"CustomControl","scope":"#\/properties\/firstAssessment","options":{"format":"radio"}}]}]},{"type":"Group","label":"Toelichting","elements":[{"type":"VerticalLayout","elements":[{"type":"CustomControl","scope":"#\/properties\/firstAssessmentRequestedComplementReason","options":{"format":"radio"},"rule":{"effect":"SHOW","condition":{"scope":"#\/properties\/firstAssessment","schema":{"const":"Aanvulling nodig"}}}}]},{"type":"VerticalLayout","elements":[{"type":"CustomControl","scope":"#\/properties\/firstAssessmentRequestedComplementNote","options":{"format":"textarea","tip":"Deze notitie wordt opgenomen binnen de brief aan de aanvrager."},"rule":{"effect":"SHOW","condition":{"scope":"#\/properties\/firstAssessment","schema":{"const":"Aanvulling nodig"}}}}]},{"type":"VerticalLayout","elements":[{"type":"CustomControl","scope":"#\/properties\/firstAssessmentRejectedNote","options":{"format":"textarea","tip":"Deze notitie wordt opgenomen binnen de brief aan de aanvrager."},"rule":{"effect":"SHOW","condition":{"scope":"#\/properties\/firstAssessment","schema":{"const":"Afgekeurd"}}}}]},{"type":"VerticalLayout","elements":[{"type":"CustomControl","scope":"#\/properties\/firstAssessmentApprovedNote","options":{"format":"textarea","tip":"Deze notitie wordt opgenomen binnen de brief aan de aanvrager."},"rule":{"effect":"SHOW","condition":{"scope":"#\/properties\/firstAssessment","schema":{"const":"Goedgekeurd"}}}}]},{"type":"VerticalLayout","elements":[{"type":"CustomControl","scope":"#\/properties\/firstAssessmentInternalNote","options":{"format":"textarea"}}]}]}]}', null, null, '{"type":"FormGroupControl","options":{"section":true},"elements":[{"type":"FormGroupControl","label":"Persoonsgegevens","options":{"section":true,"headingLevel":"2"},"elements":[{"type":"CustomControl","scope":"#\/properties\/personalDataChecklist","options":{"readonly":true,"format":"checkbox-group"}}]},{"type":"FormGroupControl","label":"Vaststellen WIA","options":{"section":true,"headingLevel":"2"},"elements":[{"type":"CustomControl","scope":"#\/properties\/wiaChecklist","options":{"readonly":true,"format":"checkbox-group"}},{"type":"CustomControl","scope":"#\/properties\/WIADecisionIndicates","options":{"readonly":true,"format":"radio"}},{"type":"CustomControl","scope":"#\/properties\/IVA_Or_WIA_Checklist","options":{"readonly":true,"format":"checkbox-group"}},{"type":"CustomControl","scope":"#\/properties\/WIA_RejectedOnHighSalaryChecklist","options":{"readonly":true,"format":"checkbox-group"}}]},{"type":"FormGroupControl","label":"Zorgaanbieder en functie","options":{"section":true,"headingLevel":"2"},"elements":[{"type":"CustomControl","scope":"#\/properties\/employerChecklist","options":{"readonly":true,"format":"checkbox-group"}},{"type":"CustomControl","scope":"#\/properties\/healthcareProviderStatementIsComplete","options":{"readonly":true,"format":"radio"}},{"type":"CustomControl","scope":"#\/properties\/employerName","options":{"readonly":true}},{"type":"CustomControl","scope":"#\/properties\/healthcareProviderName","options":{"readonly":true}},{"type":"CustomControl","scope":"#\/properties\/chamberOfCommerceNumberHealthcareProvider","options":{"readonly":true}},{"type":"CustomControl","scope":"#\/properties\/healthcareProviderChecklist","options":{"readonly":true,"format":"checkbox-group"}},{"type":"CustomControl","scope":"#\/properties\/healthcareProviderSBICode","options":{"readonly":true}},{"type":"CustomControl","scope":"#\/properties\/healthcareProviderAGBCode","options":{"readonly":true}}]},{"type":"FormGroupControl","label":"Justiti\u00eble inrichting","options":{"section":true,"headingLevel":"2"},"elements":[{"type":"CustomControl","scope":"#\/properties\/judicialInstitutionIsEligible","options":{"readonly":true,"format":"radio"}},{"type":"CustomControl","scope":"#\/properties\/applicantFoundInBigRegister","options":{"readonly":true,"format":"radio"}}]},{"type":"FormGroupControl","label":"Vaststellen post-COVID","options":{"section":true,"headingLevel":"2"},"elements":[{"type":"CustomControl","scope":"#\/properties\/postCovidChecklist","options":{"readonly":true,"format":"checkbox-group"}},{"type":"CustomControl","scope":"#\/properties\/doctorFoundInBigRegister","options":{"readonly":true,"format":"radio"}},{"type":"CustomControl","scope":"#\/properties\/doctorsCertificateIsComplete","options":{"readonly":true,"format":"radio"}}]},{"type":"FormGroupControl","label":"Eerste beoordeling","options":{"section":true,"headingLevel":"2"},"elements":[{"type":"CustomControl","scope":"#\/properties\/amount","options":{"readonly":true}},{"type":"CustomControl","scope":"#\/properties\/firstAssessment","options":{"readonly":true,"format":"radio"}},{"type":"CustomControl","scope":"#\/properties\/firstAssessmentRequestedComplementReason","options":{"readonly":true,"format":"radio"},"rule":{"effect":"SHOW","condition":{"scope":"#\/properties\/firstAssessment","schema":{"const":"Aanvulling nodig"}}}},{"type":"CustomControl","scope":"#\/properties\/firstAssessmentRequestedComplementNote","options":{"readonly":true,"format":"textarea"},"rule":{"effect":"SHOW","condition":{"scope":"#\/properties\/firstAssessment","schema":{"const":"Aanvulling nodig"}}}},{"type":"CustomControl","scope":"#\/properties\/firstAssessmentRejectedNote","options":{"readonly":true,"format":"textarea"},"rule":{"effect":"SHOW","condition":{"scope":"#\/properties\/firstAssessment","schema":{"const":"Afgekeurd"}}}},{"type":"CustomControl","scope":"#\/properties\/firstAssessmentApprovedNote","options":{"readonly":true,"format":"textarea"},"rule":{"effect":"SHOW","condition":{"scope":"#\/properties\/firstAssessment","schema":{"const":"Goedgekeurd"}}}},{"type":"CustomControl","scope":"#\/properties\/firstAssessmentInternalNote","options":{"readonly":true,"format":"textarea"}}]}]}');
INSERT INTO public.subsidy_stage_uis (id, subsidy_stage_id, version, status, input_ui, created_at, updated_at, view_ui) VALUES ('31b8c514-10eb-4e2b-a882-04b8dc2d3711', '8d206564-6518-4e13-94a4-12c9a3073617', 1, 'published', '{"type":"FormGroupControl","options":{"section":true,"group":true},"elements":[{"type":"Group","label":"Status","elements":[{"type":"VerticalLayout","elements":[{"type":"CustomControl","scope":"#\/properties\/firstAssessorMotivatedValid","options":{"format":"checkbox"}}]},{"type":"VerticalLayout","elements":[{"type":"CustomControl","scope":"#\/properties\/secondAssessment","options":{"format":"radio"}}]},{"type":"VerticalLayout","elements":[{"type":"CustomControl","scope":"#\/properties\/secondAssessmentInternalNote","options":{"format":"textarea"}}]}]}]}', null, null, '{"type":"FormGroupControl","options":{"section":true},"elements":[{"type":"CustomControl","scope":"#\/properties\/firstAssessorMotivatedValid","options":{"readonly":true}},{"type":"CustomControl","scope":"#\/properties\/secondAssessment","options":{"readonly":true,"format":"radio"}},{"type":"CustomControl","scope":"#\/properties\/secondAssessmentInternalNote","options":{"readonly":true,"format":"textarea"}}]}');
INSERT INTO public.subsidy_stage_uis (id, subsidy_stage_id, version, status, input_ui, created_at, updated_at, view_ui) VALUES ('47df4a63-6bfe-49da-a684-2e948d9c4c50', '0200a5c4-70fa-401d-b943-881eb4b877e6', 1, 'published', '{"type":"FormGroupControl","options":{"section":true,"group":true},"elements":[{"type":"Group","label":"Checklist","elements":[{"type":"VerticalLayout","elements":[{"type":"CustomControl","scope":"#\/properties\/internalAssessmentChecklist","options":{"format":"checkbox-group"}}]}]},{"type":"Group","label":"Status","elements":[{"type":"VerticalLayout","elements":[{"type":"CustomControl","scope":"#\/properties\/internalAssessment","options":{"format":"radio"}}]}]},{"type":"Group","label":"Toelichting","elements":[{"type":"VerticalLayout","elements":[{"type":"CustomControl","scope":"#\/properties\/internalAssessmentInternalNote","options":{"format":"textarea"}}]}]}]}', null, null, '{"type":"FormGroupControl","options":{"section":true},"elements":[{"type":"CustomControl","scope":"#\/properties\/internalAssessmentChecklist","options":{"readonly":true,"format":"checkbox-group"}},{"type":"CustomControl","scope":"#\/properties\/internalAssessment","options":{"readonly":true,"format":"radio"}},{"type":"CustomControl","scope":"#\/properties\/internalAssessmentInternalNote","options":{"readonly":true,"format":"textarea"}}]}');
INSERT INTO public.subsidy_stage_uis (id, subsidy_stage_id, version, status, input_ui, created_at, updated_at, view_ui) VALUES ('30c57b87-dd07-423e-908e-39865c10ef21', 'e2467684-3d17-4f2b-9d89-274fce583fa7', 1, 'published', '{"type":"FormGroupControl","options":{"section":true,"group":true},"elements":[{"type":"Group","label":"Status","elements":[{"type":"VerticalLayout","elements":[{"type":"CustomControl","scope":"#\/properties\/implementationCoordinatorAssessment","options":{"format":"radio"}}]}]},{"type":"Group","label":"Toelichting","elements":[{"type":"VerticalLayout","elements":[{"type":"CustomControl","scope":"#\/properties\/coordinatorImplementationReasonForRejection","options":{"format":"textarea","tip":"Deze notitie wordt opgenomen binnen de brief aan de aanvrager."},"rule":{"effect":"SHOW","condition":{"scope":"#\/properties\/implementationCoordinatorAssessment","schema":{"const":"Afgekeurd"}}}}]},{"type":"VerticalLayout","elements":[{"type":"CustomControl","scope":"#\/properties\/coordinatorImplementationInternalNote","options":{"format":"textarea"}}]}]}]}', null, null, '{"type":"FormGroupControl","options":{"section":true},"elements":[{"type":"CustomControl","scope":"#\/properties\/implementationCoordinatorAssessment","options":{"readonly":true,"format":"radio"}},{"type":"CustomControl","scope":"#\/properties\/coordinatorImplementationInternalNote","options":{"readonly":true,"format":"textarea"}}]}');

-- subsidy_stage_transitions
INSERT INTO public.subsidy_stage_transitions (id, current_subsidy_stage_id, target_subsidy_stage_id, target_application_status, condition, send_message, clone_data, assign_to_previous_assessor, description, expiration_period, evaluation_trigger) VALUES ('d2cfb1d8-ae62-4463-b11b-7db6278901e8', 'd7f38409-6805-408c-87e9-afd9b00a8de0', 'e1e5d701-f849-4522-b7ca-75bd4785b1f1', 'pending', null, false, true, true, 'Aanvraag ingediend', null, 'submit');
INSERT INTO public.subsidy_stage_transitions (id, current_subsidy_stage_id, target_subsidy_stage_id, target_application_status, condition, send_message, clone_data, assign_to_previous_assessor, description, expiration_period, evaluation_trigger) VALUES ('25892c15-3262-4550-af2b-3f59c260b656', 'd7f38409-6805-408c-87e9-afd9b00a8de0', 'e1e5d701-f849-4522-b7ca-75bd4785b1f1', 'pending', null, false, true, true, 'Geen aanvulling ingediend binnen gestelde termijn', null, 'expiration');
INSERT INTO public.subsidy_stage_transitions (id, current_subsidy_stage_id, target_subsidy_stage_id, target_application_status, condition, send_message, clone_data, assign_to_previous_assessor, description, expiration_period, evaluation_trigger) VALUES ('0bec9a19-e79c-4efe-831e-5ab7b6910e76', 'e1e5d701-f849-4522-b7ca-75bd4785b1f1', 'd7f38409-6805-408c-87e9-afd9b00a8de0', 'requestForChanges', '{"type":"comparison","stage":2,"fieldCode":"firstAssessment","operator":"===","value":"Aanvulling nodig"}', true, true, false, 'Aanvulling gevraagd', 14, 'submit');
INSERT INTO public.subsidy_stage_transitions (id, current_subsidy_stage_id, target_subsidy_stage_id, target_application_status, condition, send_message, clone_data, assign_to_previous_assessor, description, expiration_period, evaluation_trigger) VALUES ('ea9925e9-5cbb-4f1b-8292-f5c7cdf7478d', 'e1e5d701-f849-4522-b7ca-75bd4785b1f1', '8d206564-6518-4e13-94a4-12c9a3073617', null, '{"type":"in","stage":2,"fieldCode":"firstAssessment","values":["Goedgekeurd","Afgekeurd"]}', false, false, false, 'Eerste beoordeling voltooid', null, 'submit');
INSERT INTO public.subsidy_stage_transitions (id, current_subsidy_stage_id, target_subsidy_stage_id, target_application_status, condition, send_message, clone_data, assign_to_previous_assessor, description, expiration_period, evaluation_trigger) VALUES ('1263b1b6-8e50-46ff-a0d3-2ce80d9ef939', '8d206564-6518-4e13-94a4-12c9a3073617', 'e1e5d701-f849-4522-b7ca-75bd4785b1f1', null, '{"type":"comparison","stage":3,"fieldCode":"secondAssessment","operator":"===","value":"Oneens met de eerste beoordeling"}', false, true, true, 'Tweede beoordeling oneens met eerste beoordeling', null, 'submit');
INSERT INTO public.subsidy_stage_transitions (id, current_subsidy_stage_id, target_subsidy_stage_id, target_application_status, condition, send_message, clone_data, assign_to_previous_assessor, description, expiration_period, evaluation_trigger) VALUES ('e4140bff-9183-4790-a7b4-da7566786681', '8d206564-6518-4e13-94a4-12c9a3073617', '0200a5c4-70fa-401d-b943-881eb4b877e6', null, '{"type":"and","conditions":[{"type":"in","stage":2,"fieldCode":"firstAssessment","values":["Afgekeurd","Goedgekeurd"]},{"type":"comparison","stage":3,"fieldCode":"secondAssessment","operator":"===","value":"Eens met de eerste beoordeling"}]}', false, false, false, 'Tweede beoordeling eens met eerste beoordeling', null, 'submit');
INSERT INTO public.subsidy_stage_transitions (id, current_subsidy_stage_id, target_subsidy_stage_id, target_application_status, condition, send_message, clone_data, assign_to_previous_assessor, description, expiration_period, evaluation_trigger) VALUES ('88fda294-5428-4a7a-9f71-ab67db11c5c7', '0200a5c4-70fa-401d-b943-881eb4b877e6', 'e1e5d701-f849-4522-b7ca-75bd4785b1f1', null, '{"type":"and","conditions":[{"type":"in","stage":2,"fieldCode":"firstAssessment","values":["Afgekeurd","Goedgekeurd"]},{"type":"comparison","stage":4,"fieldCode":"internalAssessment","operator":"===","value":"Oneens met de eerste beoordeling"}]}', false, true, true, 'Interne controle oneens met beoordeling', null, 'submit');
INSERT INTO public.subsidy_stage_transitions (id, current_subsidy_stage_id, target_subsidy_stage_id, target_application_status, condition, send_message, clone_data, assign_to_previous_assessor, description, expiration_period, evaluation_trigger) VALUES ('d82b9133-a3f6-4088-ad4a-17be84b49613', '0200a5c4-70fa-401d-b943-881eb4b877e6', 'e2467684-3d17-4f2b-9d89-274fce583fa7', null, '{"type":"and","conditions":[{"type":"in","stage":2,"fieldCode":"firstAssessment","values":["Afgekeurd","Goedgekeurd"]},{"type":"comparison","stage":4,"fieldCode":"internalAssessment","operator":"===","value":"Eens met de eerste beoordeling"}]}', false, false, false, 'Interne controle eens met beoordeling', null, 'submit');
INSERT INTO public.subsidy_stage_transitions (id, current_subsidy_stage_id, target_subsidy_stage_id, target_application_status, condition, send_message, clone_data, assign_to_previous_assessor, description, expiration_period, evaluation_trigger) VALUES ('73fb1be3-b3a8-4e57-b3fa-97ade2be26a6', 'e2467684-3d17-4f2b-9d89-274fce583fa7', 'e1e5d701-f849-4522-b7ca-75bd4785b1f1', null, '{"type":"and","conditions":[{"type":"in","stage":2,"fieldCode":"firstAssessment","values":["Afgekeurd","Goedgekeurd"]},{"type":"comparison","stage":5,"fieldCode":"implementationCoordinatorAssessment","operator":"===","value":"Oneens met de eerste beoordeling"}]}', false, true, true, 'Uitvoeringscoördinator oneens met eerste beoordeling', null, 'submit');
INSERT INTO public.subsidy_stage_transitions (id, current_subsidy_stage_id, target_subsidy_stage_id, target_application_status, condition, send_message, clone_data, assign_to_previous_assessor, description, expiration_period, evaluation_trigger) VALUES ('7a49bdad-854b-468c-a17f-0cb0d091b186', 'e2467684-3d17-4f2b-9d89-274fce583fa7', null, 'rejected', '{"type":"and","conditions":[{"type":"comparison","stage":2,"fieldCode":"firstAssessment","operator":"===","value":"Afgekeurd"},{"type":"comparison","stage":5,"fieldCode":"implementationCoordinatorAssessment","operator":"===","value":"Eens met de eerste beoordeling"}]}', true, false, false, 'Uitvoeringscoördinator eens met afkeuring in eerste beoordeling', null, 'submit');
INSERT INTO public.subsidy_stage_transitions (id, current_subsidy_stage_id, target_subsidy_stage_id, target_application_status, condition, send_message, clone_data, assign_to_previous_assessor, description, expiration_period, evaluation_trigger) VALUES ('ed12757d-b2cf-4164-bc62-9ac54b665921', 'e2467684-3d17-4f2b-9d89-274fce583fa7', null, 'approved', '{"type":"and","conditions":[{"type":"comparison","stage":2,"fieldCode":"firstAssessment","operator":"===","value":"Goedgekeurd"},{"type":"comparison","stage":5,"fieldCode":"implementationCoordinatorAssessment","operator":"===","value":"Eens met de eerste beoordeling"}]}', true, false, false, 'Uitvoeringscoördinator eens met goedkeuring in eerste beoordeling', null, 'submit');

-- subsidy_stage_transition_messages
INSERT INTO public.subsidy_stage_transition_messages (id, subsidy_stage_transition_id, version, status, subject, content_html, content_pdf, created_at, updated_at) VALUES ('961023c7-82a9-40bb-b6b7-cd3882220681', '0bec9a19-e79c-4efe-831e-5ab7b6910e76', 1, 'published', 'Aanvulling nodig', e'{block content}
    <p>Beste lezer,</p>
    <p>
        Op {$content->submittedAt|date:"d-m-Y"} heeft u een aanvraag ingediend voor de \'Regeling {$content->subsidyTitle}\' met referentienummer: {$content->reference}.
    </p>

    <p>Uw aanvraag bevat helaas nog onvoldoende gegevens om verder in behandeling te nemen. Met deze brief verzoek ik u om uw aanvraag aan te vullen.</p>

    <h2>Wat moet u aanvullen?</h2>
    <p>
        Ik verzoek u om uw aanvraag aan te vullen met:<br/>
        {$content->stage2->firstAssessmentRequestedComplementNote|breakLines}
    </p>
    <p>&nbsp;</p>

    <h2>Termijn</h2>
    <p>
        Ik ontvang de informatie graag binnen 2 weken na dagtekening van deze brief, dus uiterlijk {$content->createdAt->addDays(14)|date:"d-m-Y"}.
    </p>
    <p>
        U kunt de ontbrekende informatie aan uw aanvraag toevoegen door het door u ingevulde aanvraagformulier te heropenen in Mijn DUS-I.
    </p>
    <p>
        Als de gevraagde gegevens niet binnen 2 weken door mij zijn ontvangen, of onvoldoende zijn voor verdere
        beoordeling, dan kan uw aanvraag niet verder worden behandeld.
    </p>
    <p>&nbsp;</p>
{/block}

{block signature}
    <p>
        Met vriendelijke groet,<br/>
        <br/>
        de Minister van Volksgezondheid, Welzijn en Sport,<br/>
        namens deze,<br/>
        het afdelingshoofd van Dienst Uitvoering Subsidies aan Instellingen<br/>
        <br/>
        <img class="signature" alt="handtekening" src="{$content->getSignature(\'vws_dusi_signature.jpg\')|dataStream}" />
        <br/>
        L. van der Weij
    </p>
{/block}
', e'{layout \'letter_layout.latte\'}

{block concern}
    Betreft: Verzoek om aanvulling aanvraag \'Regeling {$content->subsidyTitle}\'
{/block}

{block content}
    <p>Beste lezer,</p>
    <p>
        Op {$content->submittedAt|date:"d-m-Y"} heeft u een aanvraag ingediend voor de \'Regeling {$content->subsidyTitle}\' met referentienummer: {$content->reference}.
    </p>

    <p>Uw aanvraag bevat helaas nog onvoldoende gegevens om verder in behandeling te nemen. Met deze brief verzoek ik u om uw aanvraag aan te vullen.</p>

    <h2>Wat moet u aanvullen?</h2>
    <p>
        Ik verzoek u om uw aanvraag aan te vullen met:<br/>
        {$content->stage2->firstAssessmentRequestedComplementNote|breakLines}
    </p>
    <p>&nbsp;</p>

    <h2>Termijn</h2>
    <p>
        Ik ontvang de informatie graag binnen 2 weken na dagtekening van deze brief, dus uiterlijk {$content->createdAt->addDays(14)|date:"d-m-Y"}.
    </p>
    <p>
        U kunt de ontbrekende informatie aan uw aanvraag toevoegen door het door u ingevulde aanvraagformulier te heropenen in Mijn DUS-I.
    </p>
    <p>
        Als de gevraagde gegevens niet binnen 2 weken door mij zijn ontvangen, of onvoldoende zijn voor verdere
        beoordeling, dan kan uw aanvraag niet verder worden behandeld.
    </p>
    <p>&nbsp;</p>
{/block}

{block signature}
    <p>
        Met vriendelijke groet,<br/>
        <br/>
        de Minister van Volksgezondheid, Welzijn en Sport,<br/>
        namens deze,<br/>
        het afdelingshoofd van Dienst Uitvoering Subsidies aan Instellingen<br/>
        <br/>
        <img class="signature" alt="handtekening" src="{$content->getSignature(\'vws_dusi_signature.jpg\')|dataStream}" />
        <br/>
        L. van der Weij
    </p>
{/block}

{block sidebar}
    {include parent}
{/block}

{block objectionFooter}{/block}
', 'now()', null);
INSERT INTO public.subsidy_stage_transition_messages (id, subsidy_stage_transition_id, version, status, subject, content_html, content_pdf, created_at, updated_at) VALUES ('56f521d5-c079-4849-a06e-5bd1e672042b', '7a49bdad-854b-468c-a17f-0cb0d091b186', 1, 'published', 'Aanvraag afgekeurd', e'{block content}
    <p>Beste lezer,</p>
    <p>
        Op {$content->submittedAt|date:"d-m-Y"} heeft u een aanvraag ingediend voor de \'Regeling {$content->subsidyTitle}\' met referentienummer {$content->reference}.
        Met deze brief beslis ik op uw aanvraag.
    </p>
    <p>&nbsp;</p>

    <h2>Besluit</h2>
    <p>Uw aanvraag voor financiële ondersteuning moet ik helaas afwijzen. De reden(en) licht ik hieronder toe.</p>
    <p>&nbsp;</p>

    {if $content->stage2->firstAssessmentRejectedNote}
        <h2>Motivering bij het besluit</h2>
        <p>Uw aanvraag wordt afgewezen vanwege de volgende reden(en):</p>
        <p>{$content->stage2->firstAssessmentRejectedNote|breakLines}</p>
        <p>&nbsp;</p>
    {/if}
{/block}

{block signature}
    <p>
        Met vriendelijke groet,<br/>
        <br/>
        de Minister van Volksgezondheid, Welzijn en Sport,<br/>
        namens deze,<br/>
        het afdelingshoofd van Dienst Uitvoering Subsidies aan Instellingen<br/>
        <br/>
        <img class="signature" alt="handtekening" src="{$content->getSignature(\'vws_dusi_signature.jpg\')|dataStream}" />
        <br/>
        L. van der Weij
    </p>
{/block}
', e'{layout \'letter_layout.latte\'}

{block concern}
    Betreft: Afwijzing aanvraag \'Regeling {$content->subsidyTitle}\'
{/block}

{block content}
    <p>Beste lezer,</p>
    <p>
        Op {$content->submittedAt|date:"d-m-Y"} heeft u een aanvraag ingediend voor de \'Regeling {$content->subsidyTitle}\' met referentienummer {$content->reference}.
        Met deze brief beslis ik op uw aanvraag.
    </p>
    <p>&nbsp;</p>

    <h2>Besluit</h2>
    <p>Uw aanvraag voor financiële ondersteuning moet ik helaas afwijzen. De reden(en) licht ik hieronder toe.</p>
    <p>&nbsp;</p>

    {if $content->stage2->firstAssessmentRejectedNote}
        <h2>Motivering bij het besluit</h2>
        <p>Uw aanvraag wordt afgewezen vanwege de volgende reden(en):</p>
        <p>{$content->stage2->firstAssessmentRejectedNote|breakLines}</p>
        <p>&nbsp;</p>
    {/if}
{/block}

{block signature}
    <p>
        Met vriendelijke groet,<br/>
        <br/>
        de Minister van Volksgezondheid, Welzijn en Sport,<br/>
        namens deze,<br/>
        het afdelingshoofd van Dienst Uitvoering Subsidies aan Instellingen<br/>
        <br/>
        <img class="signature" alt="handtekening" src="{$content->getSignature(\'vws_dusi_signature.jpg\')|dataStream}" />
        <br/>
        L. van der Weij
    </p>
{/block}

{block sidebar}
    {include parent}
{/block}
', 'now()', null);
INSERT INTO public.subsidy_stage_transition_messages (id, subsidy_stage_transition_id, version, status, subject, content_html, content_pdf, created_at, updated_at) VALUES ('8908ef68-5241-4b4e-961f-304b53f3695c', 'ed12757d-b2cf-4164-bc62-9ac54b665921', 1, 'published', 'Aanvraag goedgekeurd', e'{block content}
    <p>Beste lezer,</p>
    <p>
        Op {$content->submittedAt|date:"d-m-Y"} heeft u een aanvraag ingediend voor de \'Regeling {$content->subsidyTitle}\' met referentienummer {$content->reference}.
        Met deze brief beslis ik op uw aanvraag.
    </p>

    <h2>Besluit</h2>
    <p>Namens het kabinet verleen ik u hierbij de financiële ondersteuning van {$content->stage2->amount} volgens de ‘Regeling
        zorgmedewerkers met langdurige post-COVID klachten’. U ontvangt dit als gebaar ter erkenning voor uw ontstane
        leed en uw getoonde inzet in de zorg tijdens de uitzonderlijke situatie van de eerste golf in de
        COVID-pandemie.</p>

    {if $content->stage2->firstAssessmentApprovedNote}
        <h2>Motivering bij het besluit</h2>
        <p>{$content->stage2->firstAssessmentApprovedNote|breakLines}</p>
    {/if}

    <h2>Wanneer ontvangt u de financiële ondersteuning?</h2>
    <p>Het bedrag van {$content->stage2->amount} wordt in één keer uitbetaald. Wij streven ernaar de financiële
        ondersteuning binnen 10 werkdagen uit te keren.</p>

    <h2>Verder willen wij u wijzen op de volgende punten:</h2>
    <ul>
        <li>De financiële ondersteuning is eenmalig en telt daarom niet voor de inkomensbelasting (Box 1). Het heeft ook
            geen gevolgen voor uw WIA-uitkering. Het bedrag wordt wel onderdeel van het vermogen en kan hier belast
            worden (Box 3). Voor toeslagen, de bijstand en de eigen bijdragen voor zorg op basis van de Wlz of Wmo wordt
            gekeken naar uw vermogen. Het kabinet werkt aan een tijdelijke uitzondering van deze financiële
            ondersteuning voor de vermogenstoets. Op de website van DUS-I kunt u lezen of dit voor u relevant is en hoe
            u de uitzondering kunt aanvragen. Let op: U moet de uitzondering dus zelf aanvragen.
        </li>
        <li>De financiële ondersteuning wordt direct vastgesteld. Dat betekent dat u geen verantwoording hoeft in te
            dienen.
        </li>
    </ul>
{/block}

{block signature}
    <p>
        Met vriendelijke groet,<br/>
        <br/>
        de Minister van Volksgezondheid, Welzijn en Sport,<br/>
        namens deze,<br/>
        het afdelingshoofd van Dienst Uitvoering Subsidies aan Instellingen<br/>
        <br/>
        <img class="signature" alt="handtekening" src="{$content->getSignature(\'vws_dusi_signature.jpg\')|dataStream}" />
        <br/>
        L. van der Weij
    </p>
{/block}
', e'{layout \'letter_layout.latte\'}

{block concern}
    Betreft: Toekenning aanvraag \'Regeling {$content->subsidyTitle}\'
{/block}

{block content}
    <p>Beste lezer,</p>
    <p>
        Op {$content->submittedAt|date:"d-m-Y"} heeft u een aanvraag ingediend voor de \'Regeling {$content->subsidyTitle}\' met referentienummer {$content->reference}.
        Met deze brief beslis ik op uw aanvraag.
    </p>

    <h2>Besluit</h2>
    <p>Namens het kabinet verleen ik u hierbij de financiële ondersteuning van {$content->stage2->amount} volgens de ‘Regeling
        zorgmedewerkers met langdurige post-COVID klachten’. U ontvangt dit als gebaar ter erkenning voor uw ontstane
        leed en uw getoonde inzet in de zorg tijdens de uitzonderlijke situatie van de eerste golf in de
        COVID-pandemie.</p>

    {if $content->stage2->firstAssessmentApprovedNote}
        <h2>Motivering bij het besluit</h2>
        <p>{$content->stage2->firstAssessmentApprovedNote|breakLines}</p>
    {/if}

    <h2>Wanneer ontvangt u de financiële ondersteuning?</h2>
    <p>Het bedrag van {$content->stage2->amount} wordt in één keer uitbetaald. Wij streven ernaar de financiële
        ondersteuning binnen 10 werkdagen uit te keren.</p>

    <h2>Verder willen wij u wijzen op de volgende punten:</h2>
    <ul>
        <li>De financiële ondersteuning is eenmalig en telt daarom niet voor de inkomensbelasting (Box 1). Het heeft ook
            geen gevolgen voor uw WIA-uitkering. Het bedrag wordt wel onderdeel van het vermogen en kan hier belast
            worden (Box 3). Voor toeslagen, de bijstand en de eigen bijdragen voor zorg op basis van de Wlz of Wmo wordt
            gekeken naar uw vermogen. Het kabinet werkt aan een tijdelijke uitzondering van deze financiële
            ondersteuning voor de vermogenstoets. Op de website van DUS-I kunt u lezen of dit voor u relevant is en hoe
            u de uitzondering kunt aanvragen. Let op: U moet de uitzondering dus zelf aanvragen.
        </li>
        <li>De financiële ondersteuning wordt direct vastgesteld. Dat betekent dat u geen verantwoording hoeft in te
            dienen.
        </li>
    </ul>
{/block}

{block signature}
    <p>
        Met vriendelijke groet,<br/>
        <br/>
        de Minister van Volksgezondheid, Welzijn en Sport,<br/>
        namens deze,<br/>
        het afdelingshoofd van Dienst Uitvoering Subsidies aan Instellingen<br/>
        <br/>
        <img class="signature" alt="handtekening" src="{$content->getSignature(\'vws_dusi_signature.jpg\')|dataStream}" />
        <br/>
        L. van der Weij
    </p>
{/block}

{block sidebar}
    {include parent}
{/block}
', 'now()', null);

-- Archive old PCZM version
UPDATE public.subsidy_versions SET status = 'archived', updated_at = now() WHERE id = '513011cd-789b-4628-ba5c-2fee231f8959';
